{
  "metadata": {
    "type": "within_service_propagation",
    "embedding_format": "with_service_params",
    "k_neighbors": 13,
    "initial_threshold": 0.9,
    "minimum_threshold": 0.5,
    "adaptive_threshold": true,
    "labeled_services": [
      "S3",
      "DynamoDB",
      "Lambda",
      "EC2",
      "IAM",
      "SSM",
      "SQS",
      "SNS"
    ],
    "total_labeled_methods": 85,
    "total_predictions": 1194
  },
  "visualization_data": {
    "total_predictions": 1194,
    "services_analyzed": [
      "s3",
      "dynamodb",
      "lambda",
      "ec2",
      "iam",
      "ssm",
      "sqs",
      "sns"
    ],
    "statistics_by_service": {
      "s3": {
        "total_predictions": 101,
        "label_distribution": {
          "source": 76,
          "sink": 25
        },
        "confidence_stats": {
          "mean": 0.8899436372208648,
          "std": 0.18355041515024673,
          "min": 0.5,
          "max": 1.0
        },
        "similarity_stats": {
          "mean": 0.8506458539813097,
          "std": 0.054131224674160504,
          "min": 0.5963473111651687,
          "max": 0.9743336732988985
        }
      },
      "dynamodb": {
        "total_predictions": 48,
        "label_distribution": {
          "source": 32,
          "none": 14,
          "sink": 2
        },
        "confidence_stats": {
          "mean": 0.9099747474747475,
          "std": 0.16644666187969276,
          "min": 0.5,
          "max": 1.0
        },
        "similarity_stats": {
          "mean": 0.8620070106626416,
          "std": 0.0625092945909846,
          "min": 0.6612871362645993,
          "max": 0.9680805623745461
        }
      },
      "lambda": {
        "total_predictions": 57,
        "label_distribution": {
          "none": 13,
          "source": 30,
          "sink": 14
        },
        "confidence_stats": {
          "mean": 0.8692564745196325,
          "std": 0.19738339398545815,
          "min": 0.5,
          "max": 1.0
        },
        "similarity_stats": {
          "mean": 0.8939960761451272,
          "std": 0.06034811056159788,
          "min": 0.6193357053124267,
          "max": 0.9780712289023805
        }
      },
      "ec2": {
        "total_predictions": 649,
        "label_distribution": {
          "sink": 621,
          "none": 28
        },
        "confidence_stats": {
          "mean": 0.9809762271626679,
          "std": 0.08726614799788245,
          "min": 0.5,
          "max": 1.0
        },
        "similarity_stats": {
          "mean": 0.8800718924569113,
          "std": 0.04666005899215892,
          "min": 0.6410595571457101,
          "max": 0.9904977222294103
        }
      },
      "iam": {
        "total_predictions": 155,
        "label_distribution": {
          "source": 24,
          "sink": 131
        },
        "confidence_stats": {
          "mean": 0.9339068100358425,
          "std": 0.14241603644498005,
          "min": 0.5,
          "max": 1.0
        },
        "similarity_stats": {
          "mean": 0.874288110062005,
          "std": 0.04885588013472224,
          "min": 0.6464604059175282,
          "max": 0.9625306514471457
        }
      },
      "ssm": {
        "total_predictions": 136,
        "label_distribution": {
          "source": 130,
          "none": 3,
          "sink": 3
        },
        "confidence_stats": {
          "mean": 0.986907679738562,
          "std": 0.06519855790307849,
          "min": 0.5,
          "max": 1.0
        },
        "similarity_stats": {
          "mean": 0.8663957049377536,
          "std": 0.06455759101354114,
          "min": 0.6442376285816951,
          "max": 0.9956397586378885
        }
      },
      "sqs": {
        "total_predictions": 15,
        "label_distribution": {
          "none": 10,
          "source": 5
        },
        "confidence_stats": {
          "mean": 0.8402020202020203,
          "std": 0.208216490038142,
          "min": 0.5,
          "max": 1.0
        },
        "similarity_stats": {
          "mean": 0.856640904155089,
          "std": 0.08072789689783597,
          "min": 0.6028941210215979,
          "max": 0.9355213318788277
        }
      },
      "sns": {
        "total_predictions": 33,
        "label_distribution": {
          "sink": 9,
          "source": 11,
          "none": 13
        },
        "confidence_stats": {
          "mean": 0.8371212121212122,
          "std": 0.21130796486335382,
          "min": 0.5,
          "max": 1.0
        },
        "similarity_stats": {
          "mean": 0.8572257828585199,
          "std": 0.05788009379278088,
          "min": 0.6062069666637496,
          "max": 0.9497250246833044
        }
      }
    }
  }
}