{
  "metadata": {
    "type": "within_service_propagation",
    "embedding_format": "with_service_params",
    "k_neighbors": 5,
    "initial_threshold": 0.9,
    "minimum_threshold": 0.1,
    "adaptive_threshold": true,
    "labeled_services": [
      "S3",
      "DynamoDB",
      "Lambda",
      "EC2",
      "IAM",
      "SSM",
      "SQS",
      "SNS"
    ],
    "total_labeled_methods": 85,
    "total_predictions": 937
  },
  "visualization_data": {
    "total_predictions": 937,
    "services_analyzed": [
      "s3",
      "dynamodb",
      "lambda",
      "ec2",
      "iam",
      "ssm",
      "sqs",
      "sns"
    ],
    "statistics_by_service": {
      "s3": {
        "total_predictions": 103,
        "label_distribution": {
          "sink": 78,
          "source": 25
        },
        "confidence_stats": {
          "mean": 0.8883495145631068,
          "std": 0.19415452969076133,
          "min": 0.5,
          "max": 1.0
        },
        "similarity_stats": {
          "mean": 0.8908960706139651,
          "std": 0.04414530159526601,
          "min": 0.7732922164098395,
          "max": 0.9919897558898623
        }
      },
      "dynamodb": {
        "total_predictions": 50,
        "label_distribution": {
          "source": 42,
          "none": 7,
          "sink": 1
        },
        "confidence_stats": {
          "mean": 0.9833333333333334,
          "std": 0.08333333333333333,
          "min": 0.5,
          "max": 1.0
        },
        "similarity_stats": {
          "mean": 0.951117693187712,
          "std": 0.02482628924481571,
          "min": 0.8974429791287486,
          "max": 0.9857977045260964
        }
      },
      "lambda": {
        "total_predictions": 37,
        "label_distribution": {
          "sink": 6,
          "source": 20,
          "none": 11
        },
        "confidence_stats": {
          "mean": 0.9774774774774774,
          "std": 0.09618989416244425,
          "min": 0.5,
          "max": 1.0
        },
        "similarity_stats": {
          "mean": 0.9676624531221778,
          "std": 0.019002545770388707,
          "min": 0.9020711638198583,
          "max": 0.9928055784186296
        }
      },
      "ec2": {
        "total_predictions": 454,
        "label_distribution": {
          "sink": 438,
          "none": 16
        },
        "confidence_stats": {
          "mean": 0.9981644640234948,
          "std": 0.028143022773525633,
          "min": 0.5,
          "max": 1.0
        },
        "similarity_stats": {
          "mean": 0.9404381816783366,
          "std": 0.02541298737508591,
          "min": 0.8665399068542852,
          "max": 0.9917618466621573
        }
      },
      "iam": {
        "total_predictions": 157,
        "label_distribution": {
          "sink": 140,
          "source": 11,
          "none": 6
        },
        "confidence_stats": {
          "mean": 0.9872611464968153,
          "std": 0.07878545781435022,
          "min": 0.5,
          "max": 1.0
        },
        "similarity_stats": {
          "mean": 0.9161048077210998,
          "std": 0.035489694398808544,
          "min": 0.7714706144944818,
          "max": 0.9895450071454125
        }
      },
      "ssm": {
        "total_predictions": 84,
        "label_distribution": {
          "source": 55,
          "none": 17,
          "sink": 12
        },
        "confidence_stats": {
          "mean": 0.9375,
          "std": 0.15689351610830002,
          "min": 0.5,
          "max": 1.0
        },
        "similarity_stats": {
          "mean": 0.8879821083304439,
          "std": 0.048997928518294716,
          "min": 0.7649209362811662,
          "max": 0.9918240272362614
        }
      },
      "sqs": {
        "total_predictions": 17,
        "label_distribution": {
          "none": 12,
          "source": 4,
          "sink": 1
        },
        "confidence_stats": {
          "mean": 0.9215686274509803,
          "std": 0.17261585158489223,
          "min": 0.5,
          "max": 1.0
        },
        "similarity_stats": {
          "mean": 0.9451499059329938,
          "std": 0.024910975630738852,
          "min": 0.8814450635526059,
          "max": 0.9817042950777708
        }
      },
      "sns": {
        "total_predictions": 35,
        "label_distribution": {
          "none": 13,
          "source": 16,
          "sink": 6
        },
        "confidence_stats": {
          "mean": 0.9547619047619049,
          "std": 0.1311470414659087,
          "min": 0.5,
          "max": 1.0
        },
        "similarity_stats": {
          "mean": 0.9182915233447494,
          "std": 0.025012596544534596,
          "min": 0.8606915504737007,
          "max": 0.9678438878482224
        }
      }
    }
  }
}