{
  "metadata": {},
  "visualization_data": {
    "total_predictions": 1044,
    "services_analyzed": [
      "s3",
      "dynamodb",
      "lambda",
      "ec2",
      "iam",
      "ssm",
      "sqs",
      "sns"
    ],
    "statistics_by_service": {
      "s3": {
        "total_predictions": 101,
        "label_distribution": {
          "source": 20,
          "sink": 64,
          "none": 17
        },
        "confidence_stats": {
          "mean": 0.8233380480905232,
          "std": 0.1968437156631684,
          "min": 0.5,
          "max": 1.0
        },
        "similarity_stats": {
          "mean": 0.8726910557028977,
          "std": 0.06294309019694998,
          "min": 0.5105211732389745,
          "max": 0.9818875658086478
        }
      },
      "dynamodb": {
        "total_predictions": 46,
        "label_distribution": {
          "none": 29,
          "source": 11,
          "sink": 6
        },
        "confidence_stats": {
          "mean": 0.842184265010352,
          "std": 0.2071695760138092,
          "min": 0.5,
          "max": 1.0
        },
        "similarity_stats": {
          "mean": 0.895528112567053,
          "std": 0.05477617194777167,
          "min": 0.65903371944342,
          "max": 0.979133743926454
        }
      },
      "lambda": {
        "total_predictions": 56,
        "label_distribution": {
          "source": 26,
          "sink": 24,
          "none": 6
        },
        "confidence_stats": {
          "mean": 0.7953869047619048,
          "std": 0.22962452865127614,
          "min": 0.5,
          "max": 1.0
        },
        "similarity_stats": {
          "mean": 0.9318699017313268,
          "std": 0.04202190464266361,
          "min": 0.7276853836105801,
          "max": 0.9909222100672636
        }
      },
      "ec2": {
        "total_predictions": 528,
        "label_distribution": {
          "sink": 518,
          "none": 2,
          "source": 8
        },
        "confidence_stats": {
          "mean": 0.9892180735930736,
          "std": 0.06177398825311079,
          "min": 0.5,
          "max": 1.0
        },
        "similarity_stats": {
          "mean": 0.8902753492881418,
          "std": 0.047537159335299325,
          "min": 0.524827385023594,
          "max": 0.982749676516584
        }
      },
      "iam": {
        "total_predictions": 155,
        "label_distribution": {
          "sink": 144,
          "source": 10,
          "none": 1
        },
        "confidence_stats": {
          "mean": 0.9653533026113671,
          "std": 0.10635239282413557,
          "min": 0.5,
          "max": 1.0
        },
        "similarity_stats": {
          "mean": 0.8856007521844933,
          "std": 0.05144163402630811,
          "min": 0.5509460894252973,
          "max": 0.9696664222061729
        }
      },
      "ssm": {
        "total_predictions": 113,
        "label_distribution": {
          "sink": 25,
          "source": 87,
          "none": 1
        },
        "confidence_stats": {
          "mean": 0.9455260570304818,
          "std": 0.12912453115748476,
          "min": 0.5,
          "max": 1.0
        },
        "similarity_stats": {
          "mean": 0.890716181411143,
          "std": 0.08285438971215721,
          "min": 0.5013385094579959,
          "max": 0.9871327865231397
        }
      },
      "sqs": {
        "total_predictions": 14,
        "label_distribution": {
          "none": 11,
          "source": 2,
          "sink": 1
        },
        "confidence_stats": {
          "mean": 0.8869047619047619,
          "std": 0.18794825480770172,
          "min": 0.5,
          "max": 1.0
        },
        "similarity_stats": {
          "mean": 0.8838429768558983,
          "std": 0.10964117265314932,
          "min": 0.5075956977390985,
          "max": 0.9589770764941956
        }
      },
      "sns": {
        "total_predictions": 31,
        "label_distribution": {
          "sink": 17,
          "source": 8,
          "none": 6
        },
        "confidence_stats": {
          "mean": 0.7396185355862775,
          "std": 0.2165720488148492,
          "min": 0.5,
          "max": 1.0
        },
        "similarity_stats": {
          "mean": 0.886610618326719,
          "std": 0.04853761649221192,
          "min": 0.8024433127642479,
          "max": 0.9623920486547457
        }
      }
    }
  }
}