{
  "experiment_metadata": {
    "optimal_k": 17,
    "service_similarity_threshold": 0.9,
    "labeled_services": [
      "S3",
      "DynamoDB",
      "Lambda",
      "EC2",
      "IAM",
      "SSM",
      "SQS",
      "SNS"
    ],
    "total_labeled_methods": 85,
    "evaluation_results": {
      "none": {
        "precision": 0.75,
        "recall": 0.3333333333333333,
        "f1-score": 0.46153846153846156,
        "support": 18.0
      },
      "sink": {
        "precision": 0.68,
        "recall": 0.8947368421052632,
        "f1-score": 0.7727272727272727,
        "support": 38.0
      },
      "source": {
        "precision": 0.8518518518518519,
        "recall": 0.7931034482758621,
        "f1-score": 0.8214285714285714,
        "support": 29.0
      },
      "accuracy": 0.7411764705882353,
      "macro avg": {
        "precision": 0.7606172839506172,
        "recall": 0.673724541238153,
        "f1-score": 0.6852314352314351,
        "support": 85.0
      },
      "weighted avg": {
        "precision": 0.7534553376906318,
        "recall": 0.7411764705882353,
        "f1-score": 0.7234442028559676,
        "support": 85.0
      }
    }
  },
  "within_service_results": {
    "total_predictions": 1167,
    "predictions_by_service": {
      "s3": {
        "total_predictions": 101,
        "label_distribution": {
          "sink": 82,
          "source": 18,
          "none": 1
        },
        "avg_confidence": 0.8915723715228664,
        "high_confidence_count": 73
      },
      "dynamodb": {
        "total_predictions": 48,
        "label_distribution": {
          "source": 40,
          "none": 5,
          "sink": 3
        },
        "avg_confidence": 0.9306299603174604,
        "high_confidence_count": 41
      },
      "lambda": {
        "total_predictions": 56,
        "label_distribution": {
          "sink": 21,
          "source": 32,
          "none": 3
        },
        "avg_confidence": 0.900091575091575,
        "high_confidence_count": 43
      },
      "ec2": {
        "total_predictions": 649,
        "label_distribution": {
          "sink": 637,
          "none": 10,
          "source": 2
        },
        "avg_confidence": 0.99474833076528,
        "high_confidence_count": 641
      },
      "iam": {
        "total_predictions": 155,
        "label_distribution": {
          "sink": 140,
          "source": 14,
          "none": 1
        },
        "avg_confidence": 0.9514524454040584,
        "high_confidence_count": 137
      },
      "ssm": {
        "total_predictions": 113,
        "label_distribution": {
          "source": 107,
          "none": 1,
          "sink": 5
        },
        "avg_confidence": 0.9729197793357085,
        "high_confidence_count": 107
      },
      "sqs": {
        "total_predictions": 14,
        "label_distribution": {
          "none": 11,
          "sink": 2,
          "source": 1
        },
        "avg_confidence": 0.7602040816326531,
        "high_confidence_count": 7
      },
      "sns": {
        "total_predictions": 31,
        "label_distribution": {
          "source": 8,
          "sink": 17,
          "none": 6
        },
        "avg_confidence": 0.7589349718381978,
        "high_confidence_count": 14
      }
    }
  },
  "cross_service_results": {
    "total_predictions": 20,
    "successful_transfers": [
      "storage_services",
      "database_services",
      "compute_services",
      "messaging_services",
      "security_management",
      "infrastructure_services"
    ]
  },
  "recommendations": {
    "high_confidence_services": [
      "s3",
      "dynamodb",
      "lambda",
      "ec2",
      "iam",
      "ssm",
      "sqs",
      "sns"
    ],
    "manual_review_needed": [
      "sqs",
      "sns"
    ]
  },
  "cross_service_comparison": {
    "overall_agreement_rate": 0.5805047867711053,
    "total_common_predictions": 1149,
    "total_agreements": 667,
    "total_disagreements": 482,
    "group_total_predictions": 1196,
    "all_to_all_total_predictions": 1428
  },
  "group_methods_comparison": {
    "overall_agreement_rate": 0.6359797297297297,
    "total_common_predictions": 1184,
    "total_agreements": 753,
    "total_disagreements": 431,
    "prelabeled_total_predictions": 1184,
    "enhanced_total_predictions": 1196,
    "total_additional_predictions": 12,
    "overall_improvement_rate": 0.010135135135135136
  }
}